<?xml version="1.0" encoding="UTF-8"?>
<configurationDescriptor version="100">
  <logicalFolder name="root" displayName="root" projectFiles="true" kind="ROOT">
    <logicalFolder name="HeaderFiles"
                   displayName="Header Files"
                   projectFiles="true">
      <itemPath>LinkedList.h</itemPath>
      <itemPath>ListInterface.h</itemPath>
      <itemPath>Node.h</itemPath>
      <itemPath>PrecondViolatedExcep.h</itemPath>
      <itemPath>SortedListHasA.h</itemPath>
      <itemPath>SortedListInterface.h</itemPath>
    </logicalFolder>
    <logicalFolder name="ResourceFiles"
                   displayName="Resource Files"
                   projectFiles="true">
    </logicalFolder>
    <logicalFolder name="SourceFiles"
                   displayName="Source Files"
                   projectFiles="true">
      <itemPath>LinkedList.cpp</itemPath>
      <itemPath>Node.cpp</itemPath>
      <itemPath>PrecondViolatedExcep.cpp</itemPath>
      <itemPath>SortedListHasA.cpp</itemPath>
      <itemPath>main.cpp</itemPath>
    </logicalFolder>
    <logicalFolder name="TestFiles"
                   displayName="Test Files"
                   projectFiles="false"
                   kind="TEST_LOGICAL_FOLDER">
    </logicalFolder>
    <logicalFolder name="ExternalFiles"
                   displayName="Important Files"
                   projectFiles="false"
                   kind="IMPORTANT_FILES_FOLDER">
      <itemPath>Makefile</itemPath>
    </logicalFolder>
  </logicalFolder>
  <sourceRootList>
    <Elem>.</Elem>
  </sourceRootList>
  <projectmakefile>Makefile</projectmakefile>
  <confs>
    <conf name="Debug" type="1">
      <toolsSet>
        <compilerSet>default</compilerSet>
        <dependencyChecking>true</dependencyChecking>
        <rebuildPropChanged>false</rebuildPropChanged>
      </toolsSet>
      <compileType>
      </compileType>
      <item path="LinkedList.cpp" ex="false" tool="1" flavor2="0">
      </item>
      <item path="LinkedList.h" ex="false" tool="3" flavor2="0">
      </item>
      <item path="ListInterface.h" ex="false" tool="3" flavor2="0">
      </item>
      <item path="Node.cpp" ex="false" tool="1" flavor2="0">
      </item>
      <item path="Node.h" ex="false" tool="3" flavor2="0">
      </item>
      <item path="PrecondViolatedExcep.cpp" ex="false" tool="1" flavor2="0">
      </item>
      <item path="PrecondViolatedExcep.h" ex="false" tool="3" flavor2="0">
      </item>
      <item path="SortedListHasA.cpp" ex="false" tool="1" flavor2="0">
      </item>
      <item path="SortedListHasA.h" ex="false" tool="3" flavor2="0">
      </item>
      <item path="SortedListInterface.h" ex="false" tool="3" flavor2="0">
      </item>
      <item path="main.cpp" ex="false" tool="1" flavor2="0">
      </item>
    </conf>
    <conf name="Release" type="1">
      <toolsSet>
        <compilerSet>default</compilerSet>
        <dependencyChecking>true</dependencyChecking>
        <rebuildPropChanged>false</rebuildPropChanged>
      </toolsSet>
      <compileType>
        <cTool>
          <developmentMode>5</developmentMode>
        </cTool>
        <ccTool>
          <developmentMode>5</developmentMode>
        </ccTool>
        <fortranCompilerTool>
          <developmentMode>5</developmentMode>
        </fortranCompilerTool>
        <asmTool>
          <developmentMode>5</developmentMode>
        </asmTool>
      </compileType>
      <item path="LinkedList.cpp" ex="false" tool="1" flavor2="0">
      </item>
      <item path="LinkedList.h" ex="false" tool="3" flavor2="0">
      </item>
      <item path="ListInterface.h" ex="false" tool="3" flavor2="0">
      </item>
      <item path="Node.cpp" ex="false" tool="1" flavor2="0">
      </item>
      <item path="Node.h" ex="false" tool="3" flavor2="0">
      </item>
      <item path="PrecondViolatedExcep.cpp" ex="false" tool="1" flavor2="0">
      </item>
      <item path="PrecondViolatedExcep.h" ex="false" tool="3" flavor2="0">
      </item>
      <item path="SortedListHasA.cpp" ex="false" tool="1" flavor2="0">
      </item>
      <item path="SortedListHasA.h" ex="false" tool="3" flavor2="0">
      </item>
      <item path="SortedListInterface.h" ex="false" tool="3" flavor2="0">
      </item>
      <item path="main.cpp" ex="false" tool="1" flavor2="0">
      </item>
    </conf>
  </confs>
</configurationDescriptor>
